Model,imda_part3_30s_ds_human_test,imda_part4_30s_ds_human_test,imda_part5_30s_ds_human_test,imda_part6_30s_ds_human_test
Qwen-Audio-Chat,16.4,16.0,28.2,40.4
MERaLiON-AudioLLM-Whisper-SEA-LION,48.4,46.4,57.0,62.599999999999994
Qwen2-Audio-7B-Instruct,33.8,24.8,40.4,46.2
whisper_large_v3,,,,
cascade_whisper_large_v2_gemma2_9b_cpt_sea_lionv3_instruct,45.4,44.0,58.0,65.4
gemini-1.5-flash,,,,
WavLLM_fairseq,31.6,31.6,45.199999999999996,49.400000000000006
SALMONN_7B,9.0,7.0,17.2,24.2
cascade_whisper_large_v3_llama_3_8b_instruct,37.400000000000006,36.0,49.0,57.199999999999996
